image_id,bbox,category_id,confidence
1607,"[80.1148452758789, 4.040246963500977, 96.00348663330078, 32.45876502990723]",1,0.5409515500068665
1607,"[119.0975341796875, 56.4101676940918, 163.45919799804688, 166.8017120361328]",1,0.5055438876152039
1607,"[2.2239065170288086, 12.662345886230469, 13.705473899841309, 36.44497299194336]",1,0.2563244700431824
1607,"[148.1276397705078, 49.60451126098633, 164.8118133544922, 80.89915466308594]",1,0.24784892797470093
1607,"[31.093158721923828, 31.365833282470703, 46.23721694946289, 60.809444427490234]",1,0.15661343932151794
1607,"[24.33509063720703, 11.47869873046875, 133.57656860351562, 200.0]",2,0.21637976169586182
1538,"[54.500831604003906, 10.847015380859375, 200.0, 200.0]",2,0.43220582604408264
1538,"[0.0, 6.512359619140625, 132.01405334472656, 200.0]",2,0.40844136476516724
1648,"[175.7275390625, 0.9006252288818359, 188.396728515625, 24.317487716674805]",1,0.1719045788049698
1648,"[0.0, 5.268711090087891, 36.15745544433594, 127.62187194824219]",3,0.4976983070373535
1648,"[14.244757652282715, 94.2298583984375, 32.87299728393555, 153.0004119873047]",3,0.18229252099990845
1680,"[40.068260192871094, 0.0, 200.0, 200.0]",2,0.33725470304489136
1680,"[0.0, 1.1046295166015625, 115.82398223876953, 199.8177032470703]",2,0.21560890972614288
1629,"[26.881004333496094, 5.082466125488281, 174.21798706054688, 69.10570526123047]",0,0.11444178968667984
1521,"[8.217033386230469, 0.0, 106.0364990234375, 99.82611083984375]",5,0.12237542122602463
1570,"[0.0, 21.20635986328125, 157.9000244140625, 197.59442138671875]",2,0.4245181083679199
1570,"[74.68268585205078, 0.0, 200.0, 200.0]",2,0.27286630868911743
1534,"[112.55746459960938, 135.80984497070312, 127.46781921386719, 174.04562377929688]",1,0.4013109803199768
1534,"[86.85446166992188, 161.92481994628906, 99.10903930664062, 189.1779327392578]",1,0.2939881682395935
1534,"[170.26123046875, 2.6425819396972656, 199.52325439453125, 90.69010925292969]",1,0.28720277547836304
1534,"[161.96778869628906, 117.47328186035156, 179.59483337402344, 171.88084411621094]",1,0.25043201446533203
1534,"[185.044189453125, 162.96951293945312, 198.9493408203125, 190.9195556640625]",1,0.24815817177295685
1534,"[168.33428955078125, 50.572731018066406, 187.44430541992188, 92.5092544555664]",1,0.2124621719121933
1534,"[141.4871063232422, 98.75765228271484, 156.39427185058594, 126.93697357177734]",1,0.19058984518051147
1440,"[36.92427062988281, 8.117050170898438, 186.14175415039062, 65.09069061279297]",0,0.10151737183332443
1453,"[74.67271423339844, 80.37693786621094, 121.44996643066406, 144.95632934570312]",1,0.5113741159439087
1453,"[114.57551574707031, 67.9210205078125, 131.7353973388672, 106.44578552246094]",1,0.2881041467189789
1768,"[130.9309539794922, 14.105674743652344, 179.51258850097656, 85.85833740234375]",4,0.7074678540229797
1768,"[70.35383605957031, 103.05765533447266, 103.25718688964844, 134.21859741210938]",4,0.43688663840293884
1768,"[129.15774536132812, 103.35643768310547, 196.3084716796875, 199.18759155273438]",4,0.40595462918281555
1585,"[115.7257308959961, 4.639202117919922, 168.93350219726562, 67.29130554199219]",5,0.11454752832651138
1585,"[108.42256164550781, 167.4107666015625, 177.39830017089844, 200.0]",5,0.10163934528827667
1555,"[2.255495071411133, 40.4599494934082, 47.98126983642578, 71.75504302978516]",4,0.7997039556503296
1555,"[130.93617248535156, 123.09130096435547, 179.02684020996094, 158.011474609375]",4,0.34704968333244324
1555,"[113.74681091308594, 17.26302719116211, 172.7462615966797, 97.87570190429688]",4,0.289973646402359
1555,"[143.05767822265625, 172.56680297851562, 185.86602783203125, 200.0]",4,0.2021869719028473
1555,"[0.0, 104.92935180664062, 75.97883605957031, 179.56976318359375]",4,0.1687905639410019
1605,"[155.33103942871094, 42.11541748046875, 193.91969299316406, 198.08883666992188]",1,0.5683684945106506
1605,"[92.3932113647461, 27.14673614501953, 126.87857818603516, 192.58868408203125]",1,0.19919246435165405
1486,"[92.4727783203125, 14.200706481933594, 146.20657348632812, 200.0]",3,0.5729854702949524
1681,"[0.5577411651611328, 41.42377853393555, 51.307655334472656, 160.57305908203125]",5,0.16105803847312927
1719,"[27.254638671875, 0.0, 172.3144073486328, 193.61428833007812]",2,0.3701659142971039
1674,"[19.839401245117188, 106.32432556152344, 77.42201232910156, 179.6658172607422]",4,0.5479706525802612
1674,"[169.9320526123047, 182.8232879638672, 200.0, 199.27015686035156]",4,0.22043080627918243
1649,"[29.1842041015625, 8.670890808105469, 191.2510528564453, 200.0]",2,0.45827633142471313
1536,"[94.31410217285156, 0.0, 147.1818084716797, 32.43162155151367]",5,0.16667315363883972
1783,"[76.91081237792969, 65.03022766113281, 106.74160766601562, 136.09744262695312]",4,0.6165734529495239
1758,"[174.29794311523438, 8.137750625610352, 189.5439453125, 41.72010040283203]",1,0.49470484256744385
1758,"[166.80831909179688, 95.61625671386719, 196.45965576171875, 169.6631317138672]",1,0.2146126627922058
1758,"[104.23855590820312, 16.403060913085938, 137.07870483398438, 200.0]",1,0.17914964258670807
1758,"[167.70501708984375, 105.07814025878906, 185.21612548828125, 144.3090362548828]",1,0.15164950489997864
1758,"[57.17610168457031, 0.0, 98.36860656738281, 200.0]",1,0.12379468232393265
1487,"[117.67395782470703, 0.0, 148.70558166503906, 200.0]",3,0.7779665589332581
1596,"[109.19381713867188, 0.0, 149.2603759765625, 138.3211669921875]",3,0.6242919564247131
1596,"[21.552871704101562, 0.0, 49.87225341796875, 181.82913208007812]",3,0.32918545603752136
1596,"[125.9786605834961, 155.82928466796875, 145.481201171875, 195.65621948242188]",3,0.23497255146503448
1429,"[92.32669067382812, 12.929695129394531, 126.70175170898438, 163.6492919921875]",1,0.16658379137516022
1429,"[134.15570068359375, 10.118850708007812, 170.9771728515625, 200.0]",1,0.11440923810005188
1724,"[62.21282196044922, 0.0, 115.03418731689453, 200.0]",1,0.28878724575042725
1724,"[157.44747924804688, 176.23165893554688, 173.92959594726562, 200.0]",1,0.12494530528783798
1456,"[97.55538177490234, 4.994049072265625, 142.78729248046875, 195.78012084960938]",1,0.2931581139564514
1456,"[89.51129913330078, 35.34330368041992, 103.45043182373047, 64.26370620727539]",1,0.22491355240345
1456,"[0.10938072204589844, 0.0, 37.23200225830078, 200.0]",1,0.13695088028907776
1417,"[6.279590129852295, 136.8604736328125, 19.22917366027832, 163.59185791015625]",1,0.10239500552415848
1417,"[35.33734130859375, 0.0, 186.29730224609375, 200.0]",2,0.11516465991735458
1417,"[11.981029510498047, 0.0, 57.0591926574707, 182.06991577148438]",3,0.7352789044380188
1520,"[120.40045166015625, 0.789337158203125, 163.43475341796875, 33.79758834838867]",5,0.19435131549835205
1520,"[125.17530822753906, 144.53225708007812, 182.6653289794922, 200.0]",5,0.12953446805477142
1414,"[42.036563873291016, 101.61002349853516, 56.29922866821289, 137.75572204589844]",1,0.6182538270950317
1414,"[17.039085388183594, 3.9405012130737305, 30.808116912841797, 33.67116165161133]",1,0.12921106815338135
1414,"[111.482666015625, 32.33928680419922, 125.51206970214844, 190.8758544921875]",3,0.49147167801856995
1414,"[77.94246673583984, 53.25212097167969, 90.27339935302734, 182.0691680908203]",3,0.20541203022003174
1442,"[169.56057739257812, 118.5657958984375, 186.30209350585938, 149.77294921875]",1,0.22665922343730927
1442,"[165.53228759765625, 105.68659210205078, 199.92141723632812, 178.04672241210938]",1,0.10383552312850952
1442,"[61.2027473449707, 0.0, 93.60601806640625, 200.0]",3,0.6997417211532593
1442,"[44.217430114746094, 15.358535766601562, 56.5574951171875, 187.10934448242188]",3,0.29177528619766235
1601,"[14.691543579101562, 44.58714294433594, 81.41716766357422, 135.3909149169922]",4,0.6739084720611572
1601,"[70.8638687133789, 6.733570098876953, 172.98333740234375, 129.43093872070312]",4,0.6164217591285706
1785,"[91.22969055175781, 63.81812286376953, 155.471923828125, 140.45187377929688]",4,0.4491337239742279
1785,"[133.91969299316406, 150.9082489013672, 169.08811950683594, 182.59666442871094]",4,0.3745812177658081
1785,"[20.619569778442383, 82.91210174560547, 54.17731475830078, 115.6248550415039]",4,0.23741842806339264
1792,"[21.03519630432129, 91.96346282958984, 37.64242172241211, 125.10921478271484]",1,0.23934628069400787
1792,"[73.30952453613281, 139.0654296875, 89.44122314453125, 162.66671752929688]",1,0.15095432102680206
1792,"[27.497222900390625, 0.0, 193.8469696044922, 160.44723510742188]",2,0.17188994586467743
1647,"[133.69871520996094, 125.05165100097656, 174.27769470214844, 198.1725616455078]",4,0.8775719404220581
1647,"[46.812164306640625, 1.6348419189453125, 134.17144775390625, 200.0]",4,0.4289536476135254
1647,"[121.32470703125, 2.6097183227539062, 162.89678955078125, 37.15609359741211]",4,0.17618615925312042
1647,"[21.740633010864258, 104.21621704101562, 57.88383483886719, 159.48565673828125]",4,0.11944641917943954
1480,"[126.94839477539062, 157.8051300048828, 143.6009521484375, 185.4198455810547]",1,0.30534911155700684
1480,"[115.98558807373047, 21.975662231445312, 132.59950256347656, 77.90900421142578]",1,0.27215585112571716
1480,"[3.150615692138672, 5.06982421875, 48.150428771972656, 195.44692993164062]",1,0.16085265576839447
1480,"[70.06019592285156, 96.35748291015625, 85.96218872070312, 120.625732421875]",1,0.16024744510650635
1480,"[172.97201538085938, 3.466594696044922, 193.323486328125, 25.506534576416016]",1,0.13884513080120087
1739,"[37.67326354980469, 0.0, 163.0792694091797, 198.3340301513672]",2,0.20888711512088776
1645,"[116.73511505126953, 42.76350784301758, 167.7639617919922, 115.72532653808594]",5,0.11358268558979034
1582,"[52.227508544921875, 18.55310821533203, 200.0, 198.80703735351562]",2,0.3309680223464966
1582,"[0.0, 14.815315246582031, 138.44712829589844, 200.0]",2,0.28031861782073975
1473,"[161.16441345214844, 32.59330749511719, 173.88597106933594, 191.6938018798828]",3,0.3268529772758484
1416,"[78.53730773925781, 21.692852020263672, 200.0, 93.60652160644531]",0,0.11297789216041565
1711,"[0.0, 131.54714965820312, 150.49403381347656, 149.48614501953125]",3,0.4325309693813324
1711,"[60.185020446777344, 135.2457275390625, 200.0, 154.02291870117188]",3,0.36401137709617615
1716,"[27.813447952270508, 11.133285522460938, 69.57096862792969, 200.0]",1,0.1930040419101715
1448,"[63.939781188964844, 127.85116577148438, 135.89859008789062, 198.64852905273438]",4,0.4846758246421814
1448,"[56.56699752807617, 0.0, 127.59268188476562, 74.82682800292969]",4,0.4127832353115082
1448,"[90.07788848876953, 84.9141616821289, 134.773681640625, 114.15814971923828]",4,0.33665868639945984
1451,"[22.04869842529297, 14.433265686035156, 117.3595199584961, 164.79385375976562]",5,0.20239217579364777
1451,"[122.75932312011719, 0.0, 164.4546661376953, 31.14645767211914]",5,0.13220591843128204
1542,"[143.7556915283203, 0.0, 181.5972442626953, 176.8193817138672]",3,0.7759575843811035
1524,"[56.78898239135742, 17.59607696533203, 185.08473205566406, 200.0]",2,0.19086384773254395
1524,"[0.8974456787109375, 6.397804260253906, 135.29449462890625, 193.49862670898438]",2,0.1130254864692688
1577,"[2.5991172790527344, 124.3819580078125, 66.32572937011719, 197.52230834960938]",4,0.5599081516265869
1577,"[114.21141052246094, 11.836814880371094, 195.95933532714844, 84.30675506591797]",4,0.49321702122688293
1577,"[136.89027404785156, 161.1390380859375, 172.09266662597656, 191.69863891601562]",4,0.36830776929855347
1577,"[18.58418846130371, 44.82275390625, 56.871925354003906, 76.97647094726562]",4,0.3200613856315613
1577,"[125.81524658203125, 94.77810668945312, 179.94833374023438, 189.2916259765625]",4,0.1451592892408371
1530,"[135.15687561035156, 20.099252700805664, 190.29701232910156, 74.91789245605469]",4,0.10122330486774445
1721,"[136.28697204589844, 8.06915283203125, 175.3408966064453, 200.0]",1,0.20995330810546875
1609,"[62.8763427734375, 1.1902008056640625, 177.66346740722656, 200.0]",2,0.39337778091430664
1609,"[0.0, 13.160026550292969, 123.94451141357422, 200.0]",2,0.1740645319223404
1401,"[141.1733856201172, 35.22046661376953, 180.0506134033203, 200.0]",1,0.41913482546806335
1401,"[167.8454132080078, 52.743133544921875, 183.52967834472656, 90.64778137207031]",1,0.15350525081157684
1477,"[30.090435028076172, 29.133529663085938, 66.76933288574219, 193.3404083251953]",1,0.37024715542793274
1477,"[153.77867126464844, 6.636152267456055, 170.2780303955078, 40.692405700683594]",1,0.2544781565666199
1619,"[117.16973114013672, 0.0, 168.56346130371094, 38.223976135253906]",5,0.16877208650112152
1619,"[57.532833099365234, 35.549903869628906, 101.76681518554688, 81.74638366699219]",5,0.1181643158197403
1600,"[80.40397644042969, 48.77190399169922, 121.21919250488281, 111.78406524658203]",5,0.16261091828346252
1546,"[59.528175354003906, 20.52123260498047, 200.0, 198.80001831054688]",2,0.4763564169406891
1546,"[0.0, 0.40727996826171875, 156.46139526367188, 200.0]",2,0.29854148626327515
1616,"[22.807861328125, 0.0, 57.49177551269531, 177.59671020507812]",1,0.1720973253250122
1751,"[20.941757202148438, 32.23072814941406, 178.01406860351562, 200.0]",2,0.4062241315841675
1751,"[97.90416717529297, 1.8878326416015625, 200.0, 197.19676208496094]",2,0.12691108882427216
1598,"[133.281982421875, 0.0, 192.21969604492188, 50.878074645996094]",5,0.1592937409877777
1436,"[15.37631607055664, 33.468605041503906, 30.42026138305664, 68.98328399658203]",1,0.48913511633872986
1436,"[27.706470489501953, 17.3021240234375, 89.16854858398438, 200.0]",1,0.3065960705280304
1436,"[134.99871826171875, 3.420598030090332, 151.82217407226562, 35.91904830932617]",1,0.27862226963043213
1436,"[38.88639831542969, 13.808639526367188, 95.96034240722656, 200.0]",3,0.1647239327430725
1454,"[94.35482025146484, 44.98650360107422, 125.78907012939453, 111.1720199584961]",1,0.21206532418727875
1454,"[10.174606323242188, 4.29669189453125, 126.46952819824219, 200.0]",2,0.1189771518111229
1632,"[0.0, 21.60132598876953, 141.12567138671875, 196.22628784179688]",2,0.4002125859260559
1632,"[54.733299255371094, 0.0, 185.76181030273438, 200.0]",2,0.33552077412605286
1632,"[47.10382080078125, 171.5452880859375, 91.05882263183594, 200.0]",4,0.6235844492912292
1632,"[91.73159790039062, 152.49578857421875, 146.08030700683594, 198.43667602539062]",4,0.12399724125862122
1591,"[100.65019226074219, 11.917394638061523, 117.20100402832031, 57.86534118652344]",1,0.4250827431678772
1591,"[95.16976165771484, 111.6697998046875, 120.25926971435547, 192.67422485351562]",1,0.26910555362701416
1591,"[171.0222930908203, 0.0, 196.53245544433594, 158.24276733398438]",1,0.25207653641700745
1591,"[112.41361236572266, 79.06839752197266, 128.43250274658203, 105.34603118896484]",1,0.14109791815280914
1591,"[51.26873779296875, 13.941490173339844, 84.16755676269531, 162.15591430664062]",1,0.12135880440473557
1470,"[46.912071228027344, 50.66596984863281, 153.76937866210938, 193.48095703125]",5,0.1858162134885788
1470,"[99.30835723876953, 0.0, 162.50840759277344, 55.149017333984375]",5,0.1818775087594986
1432,"[26.662246704101562, 0.0, 132.5011749267578, 200.0]",4,0.41085678339004517
1696,"[47.210697174072266, 0.0, 134.1168212890625, 200.0]",4,0.23785464465618134
1696,"[0.0, 23.16950798034668, 33.39267349243164, 51.26166534423828]",4,0.2110978364944458
1696,"[86.41102600097656, 29.97852325439453, 197.9568634033203, 189.82748413085938]",4,0.20510081946849823
1720,"[47.301551818847656, 9.647125244140625, 200.0, 200.0]",2,0.41680800914764404
1720,"[0.0, 4.030433654785156, 128.3784637451172, 193.91302490234375]",2,0.2419012188911438
1742,"[58.89104461669922, 9.695693969726562, 101.72490692138672, 200.0]",3,0.5966591238975525
1572,"[46.79779815673828, 39.692726135253906, 176.18740844726562, 182.4031982421875]",5,0.11439460515975952
1572,"[148.3230438232422, 59.64578628540039, 200.0, 121.56379699707031]",5,0.10550621896982193
1415,"[2.4485206604003906, 0.0, 92.43620300292969, 193.258544921875]",4,0.442862331867218
1415,"[70.45919799804688, 135.4713134765625, 109.86784362792969, 171.21746826171875]",4,0.1602208912372589
1415,"[114.6190185546875, 8.521736145019531, 192.90802001953125, 171.0997314453125]",4,0.11298011243343353
1415,"[95.18672180175781, 27.276987075805664, 149.7322998046875, 86.15576171875]",4,0.10752618312835693
1516,"[69.0170669555664, 2.7412567138671875, 200.0, 70.09424591064453]",0,0.10987066477537155
1738,"[28.869243621826172, 47.594024658203125, 129.34271240234375, 195.3256378173828]",5,0.11254394799470901
1738,"[141.48716735839844, 84.91085052490234, 180.38706970214844, 118.6176528930664]",5,0.1106761246919632
1581,"[104.5792236328125, 111.28958129882812, 136.25164794921875, 191.31161499023438]",1,0.2575176954269409
1581,"[135.29660034179688, 122.65815734863281, 155.83828735351562, 157.2958221435547]",1,0.16812250018119812
1581,"[149.46875, 169.85284423828125, 161.12716674804688, 194.75790405273438]",1,0.11748579889535904
1581,"[10.771440505981445, 9.722801208496094, 61.298912048339844, 200.0]",3,0.5016881823539734
1728,"[63.553802490234375, 5.381675720214844, 135.5099639892578, 200.0]",1,0.1918192207813263
1728,"[0.6530184745788574, 1.5945672988891602, 13.64459228515625, 24.335067749023438]",1,0.14549285173416138
1728,"[43.26863098144531, 0.0, 69.26714324951172, 200.0]",3,0.1994818150997162
1527,"[138.77687072753906, 1.885772705078125, 155.15748596191406, 46.37553405761719]",1,0.2831030786037445
1527,"[30.105606079101562, 31.333404541015625, 58.63861083984375, 188.23158264160156]",1,0.26192334294319153
1527,"[158.25314331054688, 56.07207107543945, 175.48629760742188, 87.39712524414062]",1,0.10882262140512466
1527,"[129.7676544189453, 114.21839904785156, 158.9246368408203, 191.8060760498047]",1,0.10552413761615753
1507,"[59.018341064453125, 0.0, 99.70693969726562, 200.0]",1,0.5203188061714172
1507,"[92.64312744140625, 9.192351341247559, 110.33134460449219, 39.741695404052734]",1,0.172403946518898
1507,"[121.14350891113281, 6.602781295776367, 137.92503356933594, 31.55027198791504]",1,0.116066575050354
1580,"[126.40956115722656, 5.324556350708008, 143.87144470214844, 42.67820739746094]",1,0.11159653961658478
1580,"[0.0, 68.18758392333984, 150.600830078125, 84.75972747802734]",3,0.48584839701652527
1580,"[72.84274291992188, 139.25723266601562, 192.76470947265625, 161.72308349609375]",3,0.273477703332901
1669,"[4.000248908996582, 110.5530776977539, 22.1827392578125, 146.45323181152344]",1,0.4164707660675049
1669,"[26.866512298583984, 50.118656158447266, 44.75190353393555, 124.46852111816406]",1,0.2839186191558838
1669,"[28.083560943603516, 17.58481788635254, 42.47000503540039, 51.0628662109375]",1,0.16348811984062195
1669,"[139.01316833496094, 0.0, 186.60850524902344, 200.0]",1,0.15221746265888214
1669,"[7.541388511657715, 75.60011291503906, 19.296798706054688, 99.98399353027344]",1,0.136388897895813
1669,"[29.223230361938477, 136.2864227294922, 42.03411865234375, 186.5977020263672]",1,0.12764142453670502
1669,"[31.09131622314453, 161.409423828125, 42.22954559326172, 189.19766235351562]",1,0.11603980511426926
1565,"[107.6657943725586, 3.985107421875, 179.60671997070312, 200.0]",4,0.7448840737342834
1565,"[30.368576049804688, 136.02984619140625, 105.7431640625, 193.19049072265625]",4,0.532393753528595
1565,"[20.44659423828125, 6.928474426269531, 74.5893783569336, 153.88040161132812]",4,0.48775896430015564
1565,"[124.59996795654297, 0.324554443359375, 183.643798828125, 35.69190216064453]",4,0.24297037720680237
1529,"[32.007118225097656, 134.0244140625, 83.7817611694336, 200.0]",4,0.8537847399711609
1529,"[20.225723266601562, 0.0, 94.3530044555664, 52.1003303527832]",4,0.47676050662994385
1529,"[99.51567077636719, 23.933914184570312, 165.47923278808594, 200.0]",4,0.3829585015773773
1691,"[0.0, 60.51763153076172, 174.103271484375, 74.42667388916016]",3,0.2789735794067383
1691,"[0.25258636474609375, 142.76121520996094, 138.41470336914062, 158.11534118652344]",3,0.20170293748378754
1691,"[0.0, 2.846625328063965, 169.71914672851562, 32.35806655883789]",3,0.16736935079097748
1691,"[81.0733642578125, 60.93693542480469, 199.83062744140625, 76.43421936035156]",3,0.11147188395261765
1772,"[154.160888671875, 11.069854736328125, 196.70248413085938, 186.1201934814453]",1,0.41328850388526917
1772,"[96.27485656738281, 8.301406860351562, 125.85273742675781, 170.04995727539062]",1,0.1399657279253006
1772,"[106.35289764404297, 2.8153228759765625, 135.6507110595703, 73.91262817382812]",1,0.10939951986074448
1404,"[0.0, 8.301101684570312, 137.6275634765625, 200.0]",2,0.4241519868373871
1404,"[57.35932159423828, 0.0, 200.0, 200.0]",2,0.34164392948150635
1452,"[108.19012451171875, 0.0, 149.25827026367188, 51.75522994995117]",4,0.5709162950515747
1452,"[25.39403533935547, 0.809870719909668, 71.1395263671875, 19.511474609375]",4,0.11228682100772858
1754,"[89.1674575805664, 40.15113067626953, 112.13793182373047, 200.0]",3,0.32495248317718506
1754,"[50.41718292236328, 157.62063598632812, 105.73184967041016, 188.17501831054688]",3,0.15485163033008575
1551,"[0.0, 24.26093101501465, 163.26446533203125, 52.89122009277344]",3,0.12438187748193741
1698,"[139.63941955566406, 0.0, 187.2632598876953, 31.365150451660156]",5,0.324198454618454
1698,"[145.10047912597656, 41.16556167602539, 200.0, 137.08749389648438]",5,0.2088489532470703
1698,"[135.58453369140625, 0.0, 190.67596435546875, 79.40315246582031]",5,0.1281498819589615
1540,"[77.77980041503906, 123.16735076904297, 95.62907409667969, 165.228271484375]",1,0.5079376697540283
1540,"[144.94039916992188, 4.178533554077148, 164.62661743164062, 54.978233337402344]",1,0.3906199634075165
1540,"[142.70098876953125, 29.642250061035156, 188.18011474609375, 190.71585083007812]",1,0.27277109026908875
1540,"[176.55662536621094, 74.73700714111328, 195.2023162841797, 111.3548812866211]",1,0.1292964071035385
1540,"[22.189159393310547, 172.70199584960938, 37.937171936035156, 200.0]",1,0.10915327072143555
1686,"[63.400550842285156, 0.0, 157.76327514648438, 180.94908142089844]",4,0.6881090998649597
1686,"[79.6551513671875, 167.646240234375, 125.4110107421875, 197.62457275390625]",4,0.1012592539191246
1588,"[57.87184143066406, 0.0, 118.29241943359375, 200.0]",1,0.1808619350194931
1588,"[65.3255386352539, 174.31387329101562, 79.52123260498047, 200.0]",1,0.17530326545238495
1673,"[0.0, 0.0, 173.90492248535156, 190.90553283691406]",2,0.47529664635658264
1558,"[85.95703887939453, 35.675880432128906, 96.30553436279297, 178.81436157226562]",3,0.14531353116035461
1558,"[55.07078552246094, 3.381866455078125, 70.25386810302734, 77.70537567138672]",3,0.12324127554893494
1558,"[55.7510986328125, 63.81132125854492, 69.74942779541016, 183.65423583984375]",3,0.12154985219240189
1796,"[127.6276626586914, 10.168060302734375, 157.43515014648438, 192.96401977539062]",3,0.32831892371177673
1796,"[39.05396270751953, 11.621414184570312, 75.08033752441406, 200.0]",3,0.2624911367893219
1755,"[41.7987060546875, 143.25953674316406, 200.0, 160.76219177246094]",3,0.4346616566181183
1755,"[0.0, 140.57089233398438, 135.66006469726562, 159.69363403320312]",3,0.3583136796951294
1755,"[0.0, 180.3958740234375, 95.73070526123047, 195.80886840820312]",3,0.1297367811203003
1513,"[34.909950256347656, 19.382808685302734, 167.766845703125, 139.6232452392578]",5,0.12771067023277283
1514,"[0.0, 43.59990692138672, 147.96051025390625, 76.59033966064453]",3,0.10375100374221802
1746,"[15.544288635253906, 0.0, 163.85391235351562, 185.50570678710938]",2,0.22917945683002472
1746,"[6.9037933349609375, 2.3051719665527344, 47.76601791381836, 53.57014846801758]",4,0.6371803283691406
1635,"[106.93677520751953, 7.693511962890625, 140.65408325195312, 83.36943054199219]",1,0.46228042244911194
1635,"[18.863229751586914, 8.126161575317383, 56.36595153808594, 66.90540313720703]",1,0.3239489495754242
1635,"[37.53849792480469, 122.96121978759766, 75.29762268066406, 185.0832977294922]",1,0.27346888184547424
1635,"[14.512590408325195, 93.0572509765625, 31.406980514526367, 145.944580078125]",1,0.24103035032749176
1635,"[39.961795806884766, 0.0, 59.074459075927734, 60.13410186767578]",1,0.23333454132080078
1635,"[20.859222412109375, 27.916458129882812, 39.073997497558594, 71.087158203125]",1,0.20557092130184174
1635,"[56.395626068115234, 123.79156494140625, 73.79329681396484, 166.77474975585938]",1,0.12408749759197235
1635,"[38.10860061645508, 136.889892578125, 50.8209114074707, 164.67599487304688]",1,0.101319320499897
1640,"[40.23918151855469, 0.0, 98.390625, 193.975830078125]",1,0.34153181314468384
1640,"[101.57654571533203, 4.108219146728516, 117.16597747802734, 43.19767379760742]",1,0.3024742305278778
1640,"[20.26373291015625, 0.0, 35.8763313293457, 25.07748031616211]",1,0.138026162981987
1458,"[7.228324890136719, 1.0370635986328125, 150.11978149414062, 198.642578125]",2,0.3937899172306061
1458,"[61.495277404785156, 8.773170471191406, 200.0, 200.0]",2,0.3653274178504944
1526,"[42.81842803955078, 166.73497009277344, 58.80531311035156, 198.54981994628906]",1,0.5268007516860962
1526,"[139.0800323486328, 85.1159439086914, 152.19593811035156, 111.82357025146484]",1,0.3030741810798645
1526,"[45.065853118896484, 6.889904022216797, 67.37256622314453, 68.59042358398438]",1,0.2982904016971588
1526,"[167.06332397460938, 4.582916259765625, 184.63909912109375, 41.43788528442383]",1,0.26355165243148804
1526,"[152.09552001953125, 104.2908935546875, 168.21401977539062, 133.80419921875]",1,0.2436971366405487
1526,"[42.99893569946289, 81.49441528320312, 57.918155670166016, 112.95634460449219]",1,0.19597458839416504
1526,"[0.1744976043701172, 16.21629524230957, 15.300262451171875, 63.16984558105469]",1,0.12143498659133911
1683,"[73.61363983154297, 73.55934143066406, 200.0, 89.01805114746094]",3,0.3686407208442688
1683,"[26.272071838378906, 23.768749237060547, 200.0, 51.12966537475586]",3,0.19286265969276428
1683,"[77.61006164550781, 172.2588653564453, 200.0, 197.2684783935547]",3,0.16857218742370605
1683,"[0.0, 166.20875549316406, 145.46986389160156, 187.2828826904297]",3,0.1391247808933258
1406,"[169.28543090820312, 12.175064086914062, 200.0, 189.3889923095703]",1,0.10790694504976273
1406,"[14.89141845703125, 19.185157775878906, 163.37477111816406, 200.0]",2,0.3698493540287018
1727,"[69.77619934082031, 106.41026306152344, 133.08206176757812, 179.9362335205078]",4,0.784022331237793
1727,"[0.0, 0.0, 52.1056022644043, 122.95924377441406]",4,0.41306430101394653
1727,"[60.228981018066406, 0.0, 138.84091186523438, 82.22981262207031]",4,0.23726461827754974
1434,"[35.0941162109375, 149.36141967773438, 186.5548553466797, 195.7705078125]",0,0.11049498617649078
1781,"[40.87560272216797, 19.002105712890625, 200.0, 179.3748779296875]",2,0.17902244627475739
1468,"[13.513259887695312, 0.0, 200.0, 194.99551391601562]",2,0.3513256013393402
1788,"[44.040618896484375, 101.53923797607422, 97.41363525390625, 140.06280517578125]",5,0.17523877322673798
1788,"[35.049156188964844, 17.937572479248047, 80.4515151977539, 77.1932373046875]",5,0.11034738272428513
1567,"[122.14281463623047, 149.7087860107422, 135.9176788330078, 182.58998107910156]",1,0.3215477168560028
1567,"[127.56981658935547, 0.0, 198.55645751953125, 200.0]",1,0.11832141876220703
1567,"[28.966894149780273, 0.0, 63.07633972167969, 200.0]",3,0.577490508556366
1512,"[145.01605224609375, 3.237394332885742, 199.74105834960938, 55.46247863769531]",4,0.8266335129737854
1512,"[18.75652503967285, 170.95042419433594, 58.03446960449219, 199.5235137939453]",4,0.4999229907989502
1512,"[12.962783813476562, 33.43086242675781, 82.6369400024414, 167.4052734375]",4,0.42264440655708313
1512,"[104.1773910522461, 91.68549346923828, 163.11370849609375, 136.62045288085938]",4,0.17201708257198334
1424,"[137.10025024414062, 78.06537628173828, 187.40310668945312, 123.22919464111328]",4,0.5401619076728821
1424,"[32.350379943847656, 0.0, 127.35408782958984, 185.22879028320312]",4,0.3365274667739868
1424,"[58.873870849609375, 11.481036186218262, 101.04875183105469, 43.11043930053711]",4,0.2564561367034912
1424,"[15.884963989257812, 77.64398956298828, 59.99951171875, 141.05575561523438]",4,0.21307562291622162
1637,"[134.53192138671875, 2.8527212142944336, 172.34893798828125, 33.83952331542969]",5,0.37494510412216187
1637,"[41.91217803955078, 22.287864685058594, 96.5419692993164, 93.6746826171875]",5,0.13832885026931763
1717,"[19.773365020751953, 90.96053314208984, 35.491355895996094, 198.372802734375]",3,0.28097328543663025
1717,"[20.34162139892578, 5.3398590087890625, 36.01963424682617, 73.8852767944336]",3,0.2188437581062317
1717,"[0.0, 0.46671295166015625, 38.870689392089844, 75.59979248046875]",3,0.1546632945537567
1717,"[168.2262420654297, 42.72716522216797, 182.56358337402344, 181.81820678710938]",3,0.11188940703868866
1464,"[27.437755584716797, 46.8432502746582, 73.88041687011719, 93.38264465332031]",4,0.6088258028030396
1464,"[45.35958480834961, 99.24615478515625, 132.56231689453125, 169.98880004882812]",4,0.35825392603874207
1592,"[48.663394927978516, 144.66481018066406, 63.29312515258789, 176.59156799316406]",1,0.4532633423805237
1592,"[112.19813537597656, 134.57180786132812, 126.56684875488281, 166.22677612304688]",1,0.14382460713386536
1592,"[0.0, 0.30826568603515625, 151.21749877929688, 197.63833618164062]",2,0.13172920048236847
1631,"[52.50690460205078, 32.74729919433594, 128.51407623291016, 167.86456298828125]",5,0.12335659563541412
1631,"[52.59514236450195, 109.65296936035156, 148.9192657470703, 195.86680603027344]",5,0.10848060995340347
1710,"[187.3068389892578, 98.33004760742188, 200.0, 118.87081909179688]",1,0.30249854922294617
1710,"[61.08395004272461, 7.108436584472656, 138.20999145507812, 200.0]",1,0.18038833141326904
1710,"[98.70184326171875, 0.0, 184.30776977539062, 200.0]",1,0.14326727390289307
1710,"[20.440288543701172, 43.46784210205078, 35.7368278503418, 191.3543701171875]",3,0.3854007422924042
1729,"[58.68376922607422, 40.78996276855469, 164.9659423828125, 200.0]",5,0.17282554507255554
1543,"[0.0, 47.84281539916992, 145.96975708007812, 68.26548767089844]",3,0.33466070890426636
1543,"[42.229591369628906, 132.34059143066406, 200.0, 155.6233367919922]",3,0.18088358640670776
1543,"[82.10246276855469, 48.05787658691406, 200.0, 66.91917419433594]",3,0.16575661301612854
1543,"[1.722198486328125, 183.6824951171875, 115.7818603515625, 199.46463012695312]",3,0.11675199121236801
1543,"[0.0, 153.00314331054688, 128.03369140625, 169.66244506835938]",3,0.10956930369138718
1723,"[91.41978454589844, 0.0, 149.8298797607422, 57.258018493652344]",5,0.11734988540410995
1789,"[3.0161499977111816, 4.128698348999023, 14.126346588134766, 25.716188430786133]",1,0.22221004962921143
1789,"[102.20220947265625, 15.572242736816406, 113.77432250976562, 105.70941925048828]",3,0.47436079382896423
1789,"[57.978153228759766, 99.31863403320312, 75.27889251708984, 179.00210571289062]",3,0.2808326482772827
1789,"[129.41893005371094, 28.15778350830078, 142.62623596191406, 185.1934814453125]",3,0.18826036155223846
1789,"[56.37836456298828, 39.033935546875, 78.80098724365234, 200.0]",3,0.1450847089290619
1789,"[121.2835693359375, 9.375320434570312, 148.03866577148438, 191.9306182861328]",3,0.10594430565834045
1795,"[92.78653717041016, 2.5427398681640625, 126.24137115478516, 198.25941467285156]",1,0.47189345955848694
1795,"[1.6714935302734375, 0.0, 114.81791687011719, 200.0]",2,0.10118722915649414
1475,"[176.35968017578125, 34.9878044128418, 189.41854858398438, 64.43104934692383]",1,0.17949289083480835
1475,"[164.06964111328125, 38.27027893066406, 176.82894897460938, 186.46307373046875]",3,0.3160342276096344
1553,"[61.09851837158203, 0.0, 138.99066162109375, 200.0]",4,0.5244337916374207
1420,"[5.891624450683594, 101.04121398925781, 132.29348754882812, 200.0]",5,0.10486172884702682
1769,"[35.21432876586914, 142.5364227294922, 102.57112121582031, 200.0]",4,0.5437896251678467
1769,"[0.0, 0.0, 77.23424530029297, 143.58694458007812]",4,0.47117987275123596
1769,"[65.15524291992188, 0.0, 176.87669372558594, 163.60105895996094]",4,0.4555964767932892
1769,"[118.89271545410156, 0.0, 200.0, 200.0]",4,0.17884561419487
1466,"[121.84869384765625, 63.63216018676758, 166.92892456054688, 180.0949249267578]",1,0.44825175404548645
1466,"[121.39630126953125, 19.49160385131836, 137.4970703125, 48.342594146728516]",1,0.12340212613344193
1587,"[10.419918060302734, 0.0, 62.40024948120117, 200.0]",1,0.31782659888267517
1587,"[67.97103881835938, 83.95770263671875, 85.32803344726562, 121.78648376464844]",1,0.14485174417495728
1587,"[137.95156860351562, 0.0, 189.63052368164062, 193.55215454101562]",1,0.12194821983575821
1587,"[61.77861404418945, 7.522886276245117, 78.43209075927734, 39.08955383300781]",1,0.10063815116882324
1431,"[94.43878173828125, 24.966835021972656, 108.38417053222656, 168.4122314453125]",3,0.22913815081119537
1431,"[93.71656799316406, 96.86636352539062, 105.43885803222656, 173.84735107421875]",3,0.12166937440633774
1501,"[59.08721160888672, 35.072357177734375, 73.9701156616211, 74.5130386352539]",1,0.5661872625350952
1501,"[33.28676223754883, 64.979736328125, 45.183406829833984, 88.64582824707031]",1,0.4273265600204468
1501,"[34.15938186645508, 89.89099884033203, 46.115474700927734, 114.87291717529297]",1,0.4216730296611786
1501,"[106.8077621459961, 19.04477882385254, 123.14019012451172, 70.687255859375]",1,0.33966001868247986
1501,"[85.32000732421875, 2.986541748046875, 102.55674743652344, 24.256790161132812]",1,0.28859612345695496
1501,"[138.082275390625, 93.39547729492188, 153.6744384765625, 123.31233215332031]",1,0.1766357570886612
1501,"[34.61874008178711, 146.04376220703125, 47.093807220458984, 172.7662353515625]",1,0.17303358018398285
1501,"[147.507568359375, 51.928489685058594, 165.13900756835938, 89.72795867919922]",1,0.1190880537033081
1707,"[65.14698791503906, 1.5016975402832031, 98.71282958984375, 71.38462829589844]",1,0.5908022522926331
1707,"[41.868614196777344, 131.54246520996094, 78.64832305908203, 194.68748474121094]",1,0.5566242337226868
1707,"[51.642250061035156, 62.76849365234375, 70.32801818847656, 90.08926391601562]",1,0.3693405091762543
1568,"[114.20701599121094, 38.30830764770508, 195.07481384277344, 163.1766815185547]",4,0.3635735511779785
1568,"[31.571468353271484, 1.4406890869140625, 108.08070373535156, 137.4737091064453]",4,0.32715317606925964
1564,"[18.01553726196289, 2.6742477416992188, 54.12448501586914, 90.70272827148438]",1,0.27889132499694824
1564,"[129.26792907714844, 1.4464340209960938, 173.0713348388672, 177.04583740234375]",1,0.1813075989484787
1705,"[57.20509338378906, 11.774673461914062, 185.21690368652344, 200.0]",2,0.456082820892334
1562,"[35.79792785644531, 0.0, 185.1621856689453, 192.65426635742188]",2,0.22495366632938385
1531,"[15.151924133300781, 81.78326416015625, 105.04228210449219, 200.0]",4,0.4767719805240631
1531,"[0.37496376037597656, 0.62127685546875, 49.441368103027344, 23.9904727935791]",4,0.4375821352005005
1531,"[135.37332153320312, 83.66227722167969, 173.34323120117188, 140.0325469970703]",4,0.3208307921886444
1531,"[62.273895263671875, 5.19085693359375, 119.17997741699219, 90.17919158935547]",4,0.28161096572875977
1771,"[159.18443298339844, 137.39732360839844, 192.29515075683594, 169.45362854003906]",1,0.10096307843923569
1771,"[159.18443298339844, 137.39732360839844, 192.29515075683594, 169.45362854003906]",4,0.10252703726291656
1505,"[54.60562515258789, 70.49942016601562, 127.03045654296875, 149.946533203125]",4,0.6170835494995117
1505,"[25.775236129760742, 11.884984970092773, 70.6412124633789, 57.99821472167969]",4,0.3526151180267334
1563,"[2.4793014526367188, 0.6390457153320312, 154.13372802734375, 199.17938232421875]",2,0.3193088173866272
1563,"[91.17561340332031, 0.0, 200.0, 199.83363342285156]",2,0.1725449115037918
1700,"[119.18789672851562, 40.78886795043945, 144.8135986328125, 140.48037719726562]",1,0.3258304297924042
1700,"[31.267478942871094, 53.238990783691406, 58.166961669921875, 192.88076782226562]",1,0.28067249059677124
1474,"[66.75254821777344, 0.0, 196.4597625732422, 166.1151885986328]",2,0.2778693735599518
1474,"[0.0, 0.0, 137.93679809570312, 174.9999237060547]",2,0.10779784619808197
1474,"[1.9039993286132812, 134.29444885253906, 157.92446899414062, 156.5241241455078]",3,0.3151579797267914
1618,"[0.0, 135.4884033203125, 140.11187744140625, 189.18356323242188]",0,0.12173093855381012
1618,"[28.75135040283203, 7.226633071899414, 172.517578125, 66.26263427734375]",0,0.1132093220949173
1694,"[64.1226806640625, 14.68927001953125, 198.5123291015625, 200.0]",2,0.5293023586273193
1694,"[6.530662536621094, 0.0, 152.15170288085938, 200.0]",2,0.1811305582523346
1626,"[0.0, 11.855476379394531, 182.70428466796875, 200.0]",2,0.4534358084201813
1626,"[84.8503189086914, 0.0, 197.0625, 179.00576782226562]",2,0.13739101588726044
1730,"[45.82036590576172, 19.186004638671875, 195.56890869140625, 199.71505737304688]",2,0.4876928925514221
1730,"[0.0, 16.913978576660156, 132.82696533203125, 200.0]",2,0.4678443968296051
1408,"[11.588813781738281, 10.885612487792969, 166.30078125, 200.0]",2,0.4501609802246094
1408,"[106.84361267089844, 8.734626770019531, 195.3443145751953, 200.0]",2,0.3100857436656952
1773,"[0.0, 0.0, 165.82830810546875, 190.2275848388672]",2,0.3735160827636719
1773,"[68.73275756835938, 17.66960906982422, 200.0, 199.5836181640625]",2,0.29776960611343384
1734,"[105.87284851074219, 0.0, 156.94505310058594, 30.669679641723633]",5,0.2475309669971466
1734,"[26.1267032623291, 102.73765563964844, 67.42118835449219, 184.39442443847656]",5,0.10157305747270584
1627,"[0.0, 75.99585723876953, 153.8671875, 98.69324493408203]",3,0.2852329611778259
1627,"[58.833587646484375, 77.73805236816406, 200.0, 98.17898559570312]",3,0.16406875848770142
1575,"[1.074981689453125, 17.98626708984375, 177.97689819335938, 200.0]",2,0.20362736284732819
1402,"[88.87921142578125, 11.170356750488281, 195.68206787109375, 186.44830322265625]",2,0.2061682790517807
1402,"[0.0, 0.0, 184.9690704345703, 200.0]",2,0.1358780711889267
1756,"[37.07723617553711, 5.2359619140625, 163.58460998535156, 194.22824096679688]",2,0.1565195918083191
1756,"[22.473955154418945, 19.91497039794922, 37.2920036315918, 193.07565307617188]",3,0.27461302280426025
1756,"[8.313936233520508, 6.49017333984375, 45.457908630371094, 200.0]",3,0.15193846821784973
1610,"[0.0, 0.0, 171.64669799804688, 187.6332244873047]",2,0.10313323885202408
1459,"[58.398319244384766, 9.237586975097656, 103.02413940429688, 171.13345336914062]",1,0.20346277952194214
1459,"[43.00498962402344, 61.00733947753906, 58.463165283203125, 102.84211730957031]",1,0.16778437793254852
1459,"[40.81760787963867, 121.27503204345703, 60.541263580322266, 169.29270935058594]",1,0.13009296357631683
1617,"[79.40460205078125, 0.0, 164.49176025390625, 200.0]",4,0.5045300126075745
1617,"[0.013437271118164062, 0.215576171875, 56.750244140625, 26.23504066467285]",4,0.4364626109600067
1495,"[78.46360778808594, 62.99664306640625, 121.36985778808594, 96.66000366210938]",5,0.11907653510570526
1667,"[11.6087646484375, 0.0, 167.8238067626953, 189.9085693359375]",2,0.15147170424461365
1667,"[28.884201049804688, 127.67088317871094, 39.24928283691406, 194.4476776123047]",3,0.6789563298225403
1667,"[31.1466121673584, 32.99131393432617, 44.67125701904297, 67.29888916015625]",3,0.2503909170627594
1583,"[118.34671020507812, 42.07594299316406, 187.35748291015625, 196.6753692626953]",4,0.5371021628379822
1782,"[0.0, 20.673797607421875, 153.5500030517578, 200.0]",2,0.4883096218109131
1782,"[72.58499145507812, 33.77046203613281, 200.0, 200.0]",2,0.39130663871765137
1561,"[75.97366333007812, 0.0, 124.32438659667969, 56.31816101074219]",5,0.2295043021440506
1561,"[72.0746078491211, 64.07221984863281, 127.67047882080078, 180.38131713867188]",5,0.17611892521381378
1784,"[156.48765563964844, 17.476783752441406, 197.54530334472656, 184.50314331054688]",1,0.3480142056941986
1784,"[56.838523864746094, 121.8310546875, 75.68018341064453, 190.5362548828125]",1,0.23259133100509644
1465,"[107.76448059082031, 32.404640197753906, 139.4407196044922, 167.51312255859375]",3,0.5168026685714722
1465,"[20.504688262939453, 142.5439910888672, 119.50798034667969, 157.97413635253906]",3,0.4748665392398834
1625,"[73.40534973144531, 89.45248413085938, 126.58671569824219, 174.56173706054688]",5,0.2506588399410248
1747,"[37.33424758911133, 60.55482482910156, 121.75569152832031, 200.0]",4,0.7837157249450684
1747,"[166.75877380371094, 152.1139373779297, 200.0, 200.0]",4,0.25361400842666626
1747,"[0.1749582290649414, 155.37779235839844, 18.631717681884766, 196.68711853027344]",4,0.19913658499717712
1747,"[173.56314086914062, 2.998790740966797, 200.0, 93.40115356445312]",4,0.10613042116165161
1471,"[36.26621627807617, 13.699119567871094, 84.29885864257812, 80.12198638916016]",5,0.29006996750831604
1471,"[33.66824722290039, 51.91343688964844, 84.01336669921875, 79.5245361328125]",5,0.19230644404888153
1471,"[41.02587890625, 12.935846328735352, 95.61395263671875, 41.92955780029297]",5,0.11440280824899673
1779,"[9.68698501586914, 14.415199279785156, 107.72938537597656, 145.97140502929688]",4,0.6599891185760498
1779,"[0.3827781677246094, 145.94955444335938, 50.52085876464844, 200.0]",4,0.3752185106277466
1779,"[72.38485717773438, 52.016700744628906, 173.6554412841797, 200.0]",4,0.2849481701850891
1779,"[101.68049621582031, 8.2196044921875, 200.0, 172.7882537841797]",4,0.14772015810012817
1777,"[8.611579895019531, 8.893806457519531, 169.91287231445312, 200.0]",2,0.4399505853652954
1777,"[82.343994140625, 0.0, 200.0, 193.28756713867188]",2,0.17112669348716736
1778,"[4.583616256713867, 2.7311019897460938, 42.361419677734375, 66.60796356201172]",4,0.5119718313217163
1778,"[0.6631860733032227, 167.7475128173828, 33.12492752075195, 197.11622619628906]",4,0.4993591904640198
1778,"[126.90377807617188, 7.182628631591797, 200.0, 88.62785339355469]",4,0.3223832845687866
1778,"[0.0, 89.76649475097656, 38.365745544433594, 175.58824157714844]",4,0.2985888421535492
1778,"[77.46011352539062, 41.448944091796875, 166.96897888183594, 198.62388610839844]",4,0.25316154956817627
1778,"[47.449180603027344, 0.0, 95.93964385986328, 27.406225204467773]",4,0.18229927122592926
1692,"[77.822265625, 117.90238952636719, 142.88352966308594, 185.6212921142578]",5,0.14623385667800903
1692,"[80.6948013305664, 31.268341064453125, 139.28582763671875, 106.48101806640625]",5,0.14565320312976837
1790,"[54.04998016357422, 96.42253112792969, 97.86602020263672, 169.97044372558594]",4,0.7587817311286926
1790,"[119.01253509521484, 17.717247009277344, 158.52706909179688, 104.04796600341797]",4,0.509183943271637
1750,"[15.219276428222656, 4.619361877441406, 162.37603759765625, 200.0]",2,0.33749905228614807
1628,"[97.073974609375, 7.009574890136719, 187.714599609375, 200.0]",3,0.15934132039546967
1628,"[113.82787322998047, 0.0, 191.69662475585938, 200.0]",4,0.42352011799812317
1628,"[45.141666412353516, 22.088417053222656, 133.2343292236328, 200.0]",4,0.3221352696418762
1628,"[153.412353515625, 1.3332176208496094, 198.11410522460938, 51.615943908691406]",4,0.18750637769699097
1525,"[152.31602478027344, 21.62889862060547, 189.32859802246094, 199.288818359375]",3,0.5839093923568726
1525,"[44.86417007446289, 100.50801086425781, 57.089778900146484, 189.84706115722656]",3,0.49685296416282654
1525,"[13.967905044555664, 35.176849365234375, 31.794065475463867, 179.1438446044922]",3,0.4559158384799957
1709,"[142.52761840820312, 45.32946014404297, 181.72488403320312, 110.1084976196289]",4,0.8565062880516052
1709,"[20.86880874633789, 70.88150024414062, 76.7406005859375, 148.14366149902344]",4,0.743211030960083
1709,"[163.56187438964844, 163.83602905273438, 200.0, 200.0]",4,0.44715526700019836
1422,"[80.63421630859375, 1.4525222778320312, 200.0, 196.38885498046875]",2,0.31465449929237366
1665,"[102.21897888183594, 1.634307861328125, 200.0, 200.0]",2,0.37849900126457214
1665,"[12.973617553710938, 0.0, 81.676513671875, 200.0]",2,0.17456026375293732
1578,"[20.671123504638672, 0.0, 59.78523635864258, 183.22003173828125]",1,0.30411937832832336
1444,"[20.225250244140625, 19.614837646484375, 200.0, 199.95953369140625]",2,0.3899763822555542
1510,"[5.9889678955078125, 0.0, 172.581787109375, 200.0]",2,0.4055936336517334
1643,"[0.0, 0.0, 116.44467163085938, 200.0]",2,0.14920209348201752
1643,"[63.02726364135742, 0.0, 179.00958251953125, 199.95001220703125]",2,0.13871034979820251
1552,"[73.62034606933594, 54.376277923583984, 148.9266815185547, 83.73442840576172]",3,0.3313952088356018
1461,"[21.252832412719727, 7.829345703125, 39.00279235839844, 142.11679077148438]",3,0.48702841997146606
1461,"[93.00776672363281, 164.22265625, 112.36445617675781, 200.0]",3,0.1391248255968094
1461,"[77.70638275146484, 12.096504211425781, 106.00179290771484, 142.49786376953125]",3,0.12988843023777008
1461,"[157.7821502685547, 36.154258728027344, 172.2043914794922, 177.81069946289062]",3,0.10269517451524734
1584,"[62.10968017578125, 5.9773712158203125, 81.56729125976562, 62.374839782714844]",1,0.2920014262199402
1584,"[52.31526184082031, 42.348541259765625, 88.79130554199219, 199.04457092285156]",1,0.1130145937204361
1608,"[133.3932342529297, 4.179749488830566, 149.7599639892578, 31.71503448486328]",1,0.5113618969917297
1608,"[6.433528900146484, 101.86712646484375, 41.431968688964844, 166.34906005859375]",1,0.3758431375026703
1608,"[28.010751724243164, 52.48365020751953, 42.56572723388672, 88.9579849243164]",1,0.3208102583885193
1608,"[132.94427490234375, 97.74799346923828, 149.7159423828125, 140.63558959960938]",1,0.23413385450839996
1608,"[53.361873626708984, 75.75411987304688, 71.45338439941406, 108.3187255859375]",1,0.21059797704219818
1752,"[40.651248931884766, 0.0, 118.00942993164062, 200.0]",4,0.3023921251296997
1752,"[154.31390380859375, 84.83007049560547, 192.32339477539062, 115.45491790771484]",4,0.16633504629135132
1672,"[119.14749145507812, 0.0, 188.77395629882812, 200.0]",4,0.6174724102020264
1672,"[35.204833984375, 10.317817687988281, 84.21356201171875, 125.95532989501953]",4,0.6025002002716064
1672,"[40.130306243896484, 118.90821075439453, 119.69187927246094, 181.0152587890625]",4,0.3682437241077423
1472,"[0.0, 0.0, 154.53048706054688, 200.0]",2,0.4181557297706604
1472,"[69.37914276123047, 0.0, 191.56671142578125, 200.0]",2,0.16626058518886566
1726,"[76.74458312988281, 0.0, 167.88015747070312, 200.0]",4,0.42096564173698425
1726,"[0.0, 90.36630249023438, 50.87854766845703, 176.2457275390625]",4,0.1034558042883873
1650,"[41.086097717285156, 4.1047515869140625, 97.48746490478516, 67.81800842285156]",5,0.19298067688941956
1735,"[0.0, 0.0, 117.75332641601562, 197.3450927734375]",2,0.1938212513923645
1430,"[97.81660461425781, 0.0, 165.3592987060547, 200.0]",4,0.39654895663261414
1430,"[41.38671112060547, 2.205129623413086, 93.20349884033203, 55.15800476074219]",4,0.13031066954135895
1497,"[55.831886291503906, 14.146454811096191, 74.8435287475586, 42.88190460205078]",1,0.31028804183006287
1497,"[67.46212768554688, 70.38972473144531, 86.39004516601562, 105.52119445800781]",1,0.23304790258407593
1497,"[79.42500305175781, 94.41690063476562, 122.703857421875, 172.76608276367188]",1,0.22415992617607117
1541,"[106.39368438720703, 79.69233703613281, 138.13719177246094, 161.587158203125]",1,0.4159361720085144
1541,"[115.07699584960938, 3.293206214904785, 131.01747131347656, 34.640323638916016]",1,0.217494398355484
1541,"[110.04055786132812, 155.44647216796875, 126.40081787109375, 189.22238159179688]",1,0.16539257764816284
1760,"[13.186542510986328, 0.5996932983398438, 57.43510818481445, 114.32670593261719]",4,0.8816074132919312
1760,"[118.470458984375, 0.0, 190.83383178710938, 200.0]",4,0.33544301986694336
1545,"[110.2721939086914, 18.34644317626953, 127.29711151123047, 70.61083984375]",1,0.4697032570838928
1545,"[89.88262939453125, 0.1140298843383789, 105.34112548828125, 25.51622772216797]",1,0.3782050311565399
1545,"[35.278812408447266, 59.85677719116211, 47.55867385864258, 84.03971862792969]",1,0.29358869791030884
1545,"[37.741641998291016, 144.0653839111328, 50.13212203979492, 169.03138732910156]",1,0.22197291254997253
1545,"[151.5839385986328, 44.496620178222656, 170.6516571044922, 87.75179290771484]",1,0.19557076692581177
1545,"[62.018775939941406, 33.52760696411133, 77.89373016357422, 70.20709228515625]",1,0.15708962082862854
1545,"[94.4398193359375, 145.62142944335938, 111.85084533691406, 187.515869140625]",1,0.15471649169921875
1545,"[37.30116653442383, 89.65225219726562, 49.763004302978516, 108.7086181640625]",1,0.13352131843566895
1776,"[45.91516876220703, 0.0, 88.89258575439453, 33.33770751953125]",5,0.29412126541137695
1780,"[3.0033187866210938, 21.557544708251953, 48.961544036865234, 89.89901733398438]",4,0.8750099539756775
1780,"[124.80474090576172, 0.0, 200.0, 200.0]",4,0.6305779218673706
1780,"[4.506557464599609, 106.34841918945312, 66.1939697265625, 196.193359375]",4,0.4914975166320801
1426,"[94.85565948486328, 0.0, 133.18121337890625, 200.0]",3,0.5917385816574097
1426,"[150.4207305908203, 42.688140869140625, 163.85963439941406, 191.0317840576172]",3,0.21779721975326538
1636,"[10.549516677856445, 121.83930969238281, 25.317930221557617, 149.71986389160156]",1,0.37993499636650085
1636,"[96.32611083984375, 0.0, 142.83309936523438, 200.0]",3,0.6965057849884033
1636,"[82.09930419921875, 0.0, 94.26168823242188, 80.09929656982422]",3,0.11871358752250671
1744,"[167.4212188720703, 36.77196502685547, 187.73692321777344, 62.573150634765625]",1,0.27710241079330444
1744,"[60.101173400878906, 0.0, 118.59009552001953, 115.34535217285156]",4,0.5394846796989441
1744,"[61.98377990722656, 149.30555725097656, 113.56495666503906, 200.0]",4,0.22451455891132355
1744,"[0.0, 40.56431579589844, 57.96782302856445, 142.0160675048828]",4,0.14365749061107635
1633,"[143.97433471679688, 6.98211669921875, 184.43170166015625, 193.1691436767578]",1,0.3664518892765045
1590,"[47.60341262817383, 41.42097091674805, 154.8610076904297, 161.46969604492188]",5,0.14842627942562103
1411,"[32.34998321533203, 0.0, 68.78858947753906, 200.0]",1,0.19703897833824158
1612,"[12.950590133666992, 0.0, 61.75013732910156, 54.521846771240234]",5,0.16198398172855377
1483,"[155.31800842285156, 0.0, 170.0175323486328, 25.114269256591797]",1,0.2598080635070801
1483,"[145.9508056640625, 37.797698974609375, 176.23275756835938, 178.68258666992188]",1,0.16998454928398132
1704,"[0.0, 12.193321228027344, 128.43231201171875, 200.0]",2,0.4899687170982361
1704,"[43.32384490966797, 12.064308166503906, 200.0, 200.0]",2,0.48866191506385803
1675,"[10.403196334838867, 124.0878677368164, 67.0528335571289, 200.0]",4,0.2805834710597992
1675,"[10.241937637329102, 19.332901000976562, 65.49937438964844, 119.16683959960938]",4,0.18601980805397034
1675,"[122.78260803222656, 0.0, 185.44480895996094, 200.0]",4,0.17129813134670258
1675,"[120.49082946777344, 0.0, 188.75538635253906, 53.767433166503906]",4,0.14336103200912476
1428,"[181.53993225097656, 0.0, 200.0, 17.94219970703125]",4,0.14299710094928741
1732,"[29.922021865844727, 53.44795227050781, 83.58806610107422, 129.37721252441406]",4,0.4693669080734253
1732,"[83.34501647949219, 102.7064208984375, 133.84912109375, 160.73983764648438]",4,0.15772145986557007
1642,"[142.03167724609375, 16.534759521484375, 158.17837524414062, 50.73585510253906]",1,0.3624172806739807
1642,"[30.332229614257812, 0.0, 62.105491638183594, 180.66067504882812]",1,0.31921902298927307
1642,"[48.43144226074219, 0.0, 193.73434448242188, 200.0]",2,0.27141714096069336
1506,"[89.67628479003906, 0.0, 151.4915771484375, 58.038352966308594]",5,0.11440308392047882
1786,"[61.936492919921875, 8.967529296875, 116.32730102539062, 43.6204719543457]",5,0.41359812021255493
1786,"[95.24998474121094, 48.44914245605469, 146.737060546875, 108.52932739257812]",5,0.10434281080961227
1706,"[74.78160095214844, 95.67172241210938, 121.34840393066406, 166.7008056640625]",4,0.8108449578285217
1706,"[0.0, 1.8719520568847656, 41.72112274169922, 92.64799499511719]",4,0.5860710740089417
1706,"[125.58113098144531, 0.0, 200.0, 199.6359405517578]",4,0.34093010425567627
1706,"[3.0946788787841797, 142.79493713378906, 51.08869171142578, 200.0]",4,0.19016201794147491
1644,"[109.73495483398438, 2.6167984008789062, 136.77439880371094, 71.15084075927734]",1,0.4158143997192383
1644,"[90.40394592285156, 150.26461791992188, 132.9591522216797, 198.11907958984375]",1,0.21067410707473755
1644,"[4.551085472106934, 51.383941650390625, 23.07048797607422, 91.44796752929688]",1,0.10448276251554489
1437,"[40.28540802001953, 14.84063720703125, 180.53466796875, 200.0]",2,0.45770353078842163
1437,"[0.0, 16.549110412597656, 101.12676239013672, 200.0]",2,0.16409806907176971
1762,"[49.292816162109375, 0.0, 193.0708770751953, 200.0]",2,0.2953040897846222
1549,"[57.096275329589844, 11.327133178710938, 200.0, 200.0]",2,0.42641913890838623
1549,"[0.0, 17.099929809570312, 143.96444702148438, 200.0]",2,0.36060580611228943
1615,"[72.74748229980469, 4.857551574707031, 107.87617492675781, 131.13107299804688]",1,0.4748338758945465
1615,"[125.88098907470703, 116.40586853027344, 157.9691925048828, 171.66380310058594]",1,0.35355228185653687
1492,"[43.42969512939453, 58.791561126708984, 57.35853576660156, 82.89923095703125]",1,0.21658098697662354
1492,"[120.2230224609375, 25.376983642578125, 148.98397827148438, 156.70599365234375]",1,0.21346919238567352
1492,"[28.844831466674805, 175.45855712890625, 42.93235778808594, 198.63067626953125]",1,0.11425496637821198
1484,"[126.47158813476562, 117.30231475830078, 141.32882690429688, 141.73373413085938]",1,0.35794416069984436
1484,"[50.95305633544922, 0.0, 91.15100860595703, 200.0]",3,0.3274919092655182
1441,"[49.900054931640625, 102.51545715332031, 107.84577941894531, 161.7552032470703]",5,0.10854142904281616
1708,"[154.40753173828125, 15.32303237915039, 193.24212646484375, 99.93034362792969]",5,0.2270084172487259
1708,"[150.23330688476562, 60.02397155761719, 197.12100219726562, 92.66404724121094]",5,0.16671910881996155
1708,"[157.42001342773438, 6.839086532592773, 195.06591796875, 46.39954376220703]",5,0.14093148708343506
1708,"[32.627403259277344, 6.331245422363281, 81.20276641845703, 89.71591186523438]",5,0.11869126558303833
1708,"[84.53370666503906, 0.0, 138.00697326660156, 32.12718963623047]",5,0.1141810417175293
1743,"[34.699676513671875, 0.7855472564697266, 53.832481384277344, 46.78132629394531]",1,0.5085740685462952
1743,"[154.33108520507812, 23.836181640625, 189.62283325195312, 200.0]",3,0.5596646666526794
1438,"[124.26559448242188, 121.80450439453125, 200.0, 185.53048706054688]",4,0.7222306132316589
1438,"[70.59063720703125, 0.3123040199279785, 105.32023620605469, 15.552593231201172]",4,0.1006798967719078
1741,"[63.656410217285156, 101.72162628173828, 112.5959701538086, 163.62611389160156]",4,0.9018111824989319
1741,"[108.09910583496094, 39.09977340698242, 157.1732635498047, 71.07366180419922]",4,0.4329325556755066
1741,"[57.73710250854492, 6.417970657348633, 102.6552734375, 63.30845642089844]",4,0.42749935388565063
1741,"[118.91748046875, 78.3502426147461, 188.44912719726562, 200.0]",4,0.27710971236228943
1666,"[113.18489074707031, 29.604644775390625, 127.672607421875, 194.20880126953125]",3,0.2980881929397583
1666,"[31.96216583251953, 11.442192077636719, 45.77690887451172, 161.47125244140625]",3,0.12505963444709778
1641,"[126.8856201171875, 8.170425415039062, 140.11459350585938, 100.4183349609375]",3,0.5323804020881653
1574,"[74.61061096191406, 0.0, 127.57861328125, 54.218902587890625]",5,0.2685367465019226
1574,"[161.65765380859375, 3.636061668395996, 200.0, 31.67181396484375]",5,0.24467825889587402
1574,"[2.9909420013427734, 2.746540069580078, 50.32792663574219, 72.04975891113281]",5,0.16404972970485687
1425,"[54.154502868652344, 88.27882385253906, 107.9660415649414, 155.96690368652344]",4,0.32658153772354126
1425,"[96.03721618652344, 28.64453125, 168.4619903564453, 169.9986572265625]",4,0.18509310483932495
1722,"[143.8072967529297, 38.4404296875, 156.40589904785156, 196.2766571044922]",3,0.31048688292503357
1523,"[92.6490249633789, 87.05699920654297, 111.37850189208984, 130.28720092773438]",1,0.5152991414070129
1523,"[98.01834106445312, 5.728786468505859, 118.43061828613281, 43.74877166748047]",1,0.363162636756897
1523,"[86.91560363769531, 5.6240234375, 119.02081298828125, 69.4307861328125]",1,0.24858778715133667
1523,"[88.28055572509766, 5.687156677246094, 114.16309356689453, 133.28286743164062]",1,0.10158281773328781
1502,"[48.691688537597656, 82.47792053222656, 153.11166381835938, 183.23341369628906]",5,0.12718892097473145
1725,"[18.450843811035156, 26.50115966796875, 99.88208770751953, 196.34814453125]",4,0.3896503448486328
1409,"[46.00621795654297, 0.0, 196.42559814453125, 200.0]",2,0.42766425013542175
1409,"[0.0, 0.0, 130.1781463623047, 200.0]",2,0.3254024088382721
1489,"[148.49362182617188, 34.28096008300781, 179.00360107421875, 145.0718231201172]",1,0.5974938869476318
1489,"[102.07312774658203, 6.2608537673950195, 117.88654327392578, 30.845420837402344]",1,0.5053027868270874
1489,"[95.27385711669922, 88.10313415527344, 125.49652862548828, 154.90074157714844]",1,0.4217904806137085
1489,"[162.6237335205078, 6.705994606018066, 182.39283752441406, 38.746429443359375]",1,0.31189703941345215
1489,"[31.07024383544922, 4.3577728271484375, 65.67987060546875, 195.32003784179688]",1,0.15925562381744385
1407,"[0.0, 0.0, 147.42626953125, 192.28469848632812]",2,0.290495902299881
1407,"[68.63736724853516, 0.0, 200.0, 196.2952880859375]",2,0.21202796697616577
1515,"[29.66381072998047, 17.516769409179688, 200.0, 200.0]",2,0.4298942983150482
1515,"[0.0, 0.0, 102.81748962402344, 200.0]",2,0.2806474268436432
1697,"[58.82496643066406, 48.88623809814453, 162.78199768066406, 195.23080444335938]",5,0.13541048765182495
1579,"[104.88319396972656, 18.57353973388672, 121.87130737304688, 51.01819610595703]",1,0.12992829084396362
1579,"[8.936111450195312, 45.16853332519531, 69.14180755615234, 199.81936645507812]",3,0.33454543352127075
1579,"[32.53840637207031, 3.179473876953125, 58.98365783691406, 179.1058349609375]",3,0.10760132968425751
1412,"[1.9743080139160156, 46.777923583984375, 30.527009963989258, 192.375244140625]",3,0.47405806183815
1412,"[97.58865356445312, 1.62530517578125, 128.72445678710938, 200.0]",3,0.26541489362716675
1412,"[16.116634368896484, 27.160049438476562, 29.280010223388672, 200.0]",3,0.1856759488582611
1412,"[33.770538330078125, 32.530792236328125, 46.91387939453125, 190.9541015625]",3,0.16341646015644073
1623,"[135.96914672851562, 21.760818481445312, 146.3953857421875, 191.80258178710938]",3,0.25876179337501526
1623,"[18.478595733642578, 12.319534301757812, 31.986980438232422, 190.31375122070312]",3,0.20928601920604706
1447,"[5.562141418457031, 161.207763671875, 193.918212890625, 183.68313598632812]",3,0.1587200164794922
1447,"[8.049354553222656, 121.30823516845703, 151.683349609375, 143.71266174316406]",3,0.11429622024297714
1496,"[14.45135498046875, 0.0, 185.41677856445312, 186.80392456054688]",2,0.2937394976615906
1522,"[0.0, 139.60540771484375, 169.279296875, 159.35293579101562]",3,0.34817224740982056
1522,"[0.0, 26.102998733520508, 121.01800537109375, 41.08108139038086]",3,0.30824142694473267
1522,"[46.850128173828125, 130.26837158203125, 200.0, 159.54876708984375]",3,0.21899491548538208
1630,"[58.520957946777344, 12.399005889892578, 100.10115814208984, 78.50445556640625]",4,0.9478941559791565
1630,"[45.25437927246094, 133.31289672851562, 98.18649291992188, 175.716796875]",4,0.4775231182575226
1630,"[117.79134368896484, 6.433357238769531, 189.5938720703125, 200.0]",4,0.3431573808193207
1765,"[15.10211181640625, 40.09700393676758, 102.05464172363281, 121.17198181152344]",4,0.3973153233528137
1765,"[93.16567993164062, 39.352806091308594, 173.67257690429688, 199.33209228515625]",4,0.3913171887397766
1765,"[84.98518371582031, 1.2430286407470703, 136.93698120117188, 23.680137634277344]",4,0.10174282640218735
1745,"[70.90251922607422, 61.9918098449707, 130.58831787109375, 120.09822082519531]",4,0.11066342890262604
1695,"[50.565948486328125, 15.300430297851562, 200.0, 200.0]",2,0.2444273978471756
1695,"[0.0, 0.0, 141.6809844970703, 171.23678588867188]",2,0.231987863779068
1462,"[8.817464828491211, 15.8033447265625, 25.362272262573242, 95.90020751953125]",3,0.3629368841648102
1462,"[9.502592086791992, 136.05809020996094, 21.136384963989258, 200.0]",3,0.2804378569126129
1576,"[75.99977111816406, 31.147031784057617, 91.61907958984375, 68.2523422241211]",1,0.2792329788208008
1576,"[71.93504333496094, 56.476627349853516, 109.79081726074219, 165.031982421875]",1,0.15333177149295807
1576,"[16.270042419433594, 86.58199310302734, 31.31163787841797, 118.6765365600586]",1,0.11673057824373245
1576,"[9.13534927368164, 0.0, 86.6209716796875, 200.0]",1,0.11590976268053055
1413,"[43.343406677246094, 11.700675964355469, 198.11178588867188, 200.0]",2,0.45109689235687256
1413,"[0.0, 14.599220275878906, 131.79574584960938, 200.0]",2,0.3866174519062042
1594,"[85.90579223632812, 7.207122802734375, 98.77029418945312, 122.9404296875]",3,0.6644075512886047
1594,"[163.22393798828125, 109.40571594238281, 176.828857421875, 191.5414581298828]",3,0.4483945965766907
1655,"[127.79235076904297, 46.36705017089844, 173.427490234375, 107.05058288574219]",4,0.384575217962265
1655,"[53.52171325683594, 166.80673217773438, 98.77810668945312, 199.7406005859375]",4,0.38057994842529297
1655,"[34.74115753173828, 0.0, 122.0323257446289, 189.4947509765625]",4,0.35862356424331665
1655,"[49.07743835449219, 0.0, 105.82290649414062, 75.38807678222656]",4,0.3279300928115845
1685,"[59.48082733154297, 16.462905883789062, 200.0, 200.0]",2,0.4656907021999359
1685,"[4.312828063964844, 0.0, 153.63079833984375, 189.73614501953125]",2,0.338307648897171
1547,"[24.509620666503906, 18.209320068359375, 195.5557861328125, 200.0]",2,0.491184264421463
1547,"[0.0, 2.2831039428710938, 110.56317138671875, 195.97793579101562]",2,0.17891010642051697
1794,"[78.93183898925781, 0.0, 183.3900604248047, 200.0]",2,0.30079907178878784
1651,"[70.45341491699219, 49.2972297668457, 109.36585998535156, 91.06179809570312]",4,0.7562643885612488
1620,"[19.45986557006836, 101.4981918334961, 31.327972412109375, 126.61870574951172]",1,0.24611087143421173
1620,"[2.1232762336730957, 91.8951187133789, 14.904254913330078, 124.72379302978516]",1,0.13005752861499786
1620,"[66.43231964111328, 35.844139099121094, 93.29679107666016, 200.0]",3,0.5606702566146851
1620,"[139.15122985839844, 3.815460205078125, 164.00962829589844, 156.4260711669922]",3,0.1998952329158783
1670,"[45.686119079589844, 12.643226623535156, 197.70187377929688, 200.0]",2,0.10699243098497391
1670,"[49.40427017211914, 8.606910705566406, 93.00949096679688, 67.70265197753906]",4,0.7974944710731506
1670,"[101.8653335571289, 0.0, 159.07029724121094, 77.41572570800781]",4,0.7119142413139343
1485,"[72.71553039550781, 35.45626449584961, 122.33602905273438, 122.19451904296875]",4,0.7264877557754517
1485,"[183.35995483398438, 2.2285537719726562, 200.0, 15.92886734008789]",4,0.1639450341463089
1463,"[2.212066650390625, 11.858291625976562, 154.14633178710938, 200.0]",2,0.3380391001701355
1463,"[64.99159240722656, 0.0, 195.92173767089844, 200.0]",2,0.19774703681468964
1566,"[168.4624481201172, 25.887680053710938, 195.8681182861328, 200.0]",3,0.31980612874031067
1517,"[22.802234649658203, 0.0, 71.59439086914062, 200.0]",1,0.2344466596841812
1517,"[122.05331420898438, 2.2442550659179688, 154.9281005859375, 197.82391357421875]",3,0.3206760287284851
1533,"[19.13014793395996, 5.020138740539551, 29.00311851501465, 33.21495056152344]",3,0.17949816584587097
1599,"[70.86474609375, 14.759151458740234, 150.26641845703125, 100.32907104492188]",4,0.40610605478286743
1599,"[158.11785888671875, 151.04100036621094, 192.2684326171875, 194.1260528564453]",4,0.2495349794626236
1599,"[165.85536193847656, 155.5914764404297, 185.44667053222656, 185.93858337402344]",4,0.2180313616991043
1597,"[50.69302749633789, 132.6194610595703, 107.9705810546875, 196.12733459472656]",5,0.12494916468858719
1550,"[19.288803100585938, 0.19110107421875, 117.95506286621094, 94.36373138427734]",5,0.11278422176837921
1435,"[0.0, 70.38499450683594, 150.07586669921875, 88.94953918457031]",3,0.41480374336242676
1435,"[64.21465301513672, 72.98768615722656, 198.05087280273438, 90.13259887695312]",3,0.19237956404685974
1435,"[0.0, 21.15929412841797, 200.0, 51.536376953125]",3,0.1763804852962494
1664,"[11.590372085571289, 31.620664596557617, 28.475858688354492, 58.937400817871094]",1,0.3197217285633087
1664,"[86.1519775390625, 0.0, 131.50262451171875, 200.0]",1,0.28215113282203674
1664,"[65.1500473022461, 154.4144287109375, 78.92574310302734, 177.96353149414062]",1,0.2067233920097351
1664,"[31.94577407836914, 131.77093505859375, 48.385868072509766, 158.9776611328125]",1,0.12148910760879517
1701,"[122.0323257446289, 134.59039306640625, 136.42835998535156, 167.63519287109375]",1,0.16003499925136566
1701,"[34.127098083496094, 0.0, 67.82479858398438, 200.0]",3,0.30338239669799805
1701,"[76.36062622070312, 14.224258422851562, 99.58473205566406, 184.84449768066406]",3,0.3017765283584595
1701,"[148.5063934326172, 27.062122344970703, 162.3190460205078, 94.29005432128906]",3,0.13706445693969727
1556,"[13.15966796875, 116.37980651855469, 64.81758117675781, 169.5747528076172]",4,0.7689391374588013
1556,"[118.21659088134766, 0.0, 190.287353515625, 200.0]",4,0.24757903814315796
1556,"[13.208354949951172, 54.19403839111328, 55.71834945678711, 89.60196685791016]",4,0.19119665026664734
1676,"[0.0, 81.75440979003906, 57.58385467529297, 181.5806427001953]",5,0.15238513052463531
1676,"[1.039083480834961, 126.58665466308594, 53.91154479980469, 199.9894256591797]",5,0.12628455460071564
1793,"[24.66071128845215, 173.51219177246094, 68.70340728759766, 200.0]",5,0.1848227083683014
1793,"[14.974708557128906, 3.2685699462890625, 122.65946197509766, 92.79280090332031]",5,0.10984978824853897
1476,"[149.23672485351562, 52.131492614746094, 175.7789306640625, 171.05868530273438]",1,0.15865127742290497
1476,"[154.53245544433594, 176.45228576660156, 169.1192169189453, 199.94590759277344]",1,0.1317233145236969
1476,"[74.8638916015625, 37.93177032470703, 109.839599609375, 200.0]",3,0.12723122537136078
1476,"[85.51312255859375, 4.75665283203125, 103.00091552734375, 96.28924560546875]",3,0.10315687954425812
1405,"[86.90186309814453, 9.9840087890625, 196.263427734375, 200.0]",2,0.42110809683799744
1405,"[11.186241149902344, 28.989227294921875, 103.61519622802734, 190.5503692626953]",2,0.2191353291273117
1606,"[30.852394104003906, 53.58606719970703, 62.111717224121094, 191.14114379882812]",1,0.5665462613105774
1449,"[72.03311157226562, 80.37962341308594, 133.5967254638672, 180.3383026123047]",4,0.18305279314517975
1449,"[68.17510223388672, 26.00638198852539, 110.7201919555664, 94.71244812011719]",4,0.14419518411159515
1449,"[58.924442291259766, 4.595985412597656, 140.76199340820312, 200.0]",4,0.1093321293592453
1500,"[0.0, 8.785491943359375, 165.00732421875, 200.0]",2,0.14153599739074707
1500,"[34.84300231933594, 153.7515106201172, 200.0, 172.70973205566406]",3,0.5151432752609253
1500,"[12.27783203125, 35.44734191894531, 125.09820556640625, 51.76039123535156]",3,0.25624585151672363
1733,"[3.89764404296875, 0.0, 152.6516876220703, 200.0]",2,0.12261807173490524
1733,"[146.36782836914062, 2.1855850219726562, 195.53042602539062, 199.09042358398438]",3,0.3682574927806854
1658,"[19.241313934326172, 63.375885009765625, 76.94993591308594, 88.99453735351562]",1,0.1458899974822998
1658,"[16.58495330810547, 92.65119171142578, 76.60020446777344, 134.5677032470703]",4,0.3798017203807831
1658,"[102.03365325927734, 6.05780029296875, 183.6348876953125, 200.0]",4,0.2594672739505768
1658,"[19.241313934326172, 63.375885009765625, 76.94993591308594, 88.99453735351562]",4,0.1587849110364914
1421,"[10.983331680297852, 0.0, 66.80036163330078, 60.12946319580078]",4,0.7494277358055115
1421,"[107.75753784179688, 0.2847328186035156, 171.07635498046875, 113.61773681640625]",4,0.37883514165878296
1544,"[26.845516204833984, 147.4088897705078, 109.38203430175781, 198.49806213378906]",5,0.17619924247264862
1544,"[99.77177429199219, 0.8920650482177734, 182.7191925048828, 51.64140319824219]",5,0.11640390008687973
1544,"[33.48046112060547, 42.15403747558594, 85.0101318359375, 77.62971496582031]",5,0.11358945816755295
1740,"[49.07157897949219, 11.258125305175781, 192.24151611328125, 200.0]",2,0.4957813322544098
1740,"[1.63812255859375, 0.0, 135.92425537109375, 189.50491333007812]",2,0.17443932592868805
1798,"[38.53246307373047, 8.548255920410156, 200.0, 190.79132080078125]",2,0.21911032497882843
1798,"[0.0, 0.6744537353515625, 132.60569763183594, 158.00735473632812]",2,0.17168028652668
1787,"[83.93487548828125, 112.26695251464844, 200.0, 194.0782928466797]",5,0.1199532002210617
1559,"[123.87615966796875, 0.0, 159.7396240234375, 178.5369873046875]",1,0.3213038742542267
1559,"[171.34832763671875, 3.8929367065429688, 199.28457641601562, 71.70719909667969]",1,0.1618070900440216
1749,"[29.069778442382812, 0.0, 69.52140808105469, 200.0]",3,0.8117991089820862
1749,"[156.835693359375, 20.159683227539062, 190.86849975585938, 197.80043029785156]",3,0.14852143824100494
1737,"[20.68568229675293, 131.2293701171875, 73.84978485107422, 197.58078002929688]",5,0.3390653729438782
1511,"[158.5978546142578, 119.45753479003906, 173.8677215576172, 150.8846893310547]",1,0.4880256652832031
1511,"[58.8976936340332, 0.0, 119.36807250976562, 200.0]",1,0.21714496612548828
1498,"[135.55865478515625, 142.88543701171875, 186.72723388671875, 200.0]",4,0.8823913335800171
1498,"[2.8634681701660156, 0.0, 46.37714767456055, 54.38008499145508]",4,0.5182183384895325
1498,"[0.0, 26.97258758544922, 50.58382034301758, 200.0]",4,0.29692110419273376
1494,"[102.09443664550781, 72.15677642822266, 145.15232849121094, 102.63776397705078]",1,0.15008653700351715
1494,"[124.62804412841797, 144.94705200195312, 180.2222137451172, 200.0]",4,0.5501501560211182
1494,"[0.0, 0.0, 78.50489807128906, 172.6033477783203]",4,0.4568866491317749
1494,"[143.27337646484375, 5.731636047363281, 182.11529541015625, 49.526390075683594]",4,0.1654205024242401
1494,"[6.7940521240234375, 38.02671813964844, 131.5998077392578, 181.53158569335938]",4,0.12248098105192184
1488,"[38.90483474731445, 3.5053634643554688, 74.322998046875, 200.0]",3,0.6569586992263794
1488,"[90.70037841796875, 35.947265625, 105.47433471679688, 187.33180236816406]",3,0.12289752066135406
1682,"[35.63555145263672, 0.0, 102.08666229248047, 53.743263244628906]",5,0.11374463140964508
1660,"[77.16458129882812, 34.23207473754883, 122.41049194335938, 61.83456802368164]",3,0.11343404650688171
1660,"[110.22659301757812, 47.643898010253906, 197.16342163085938, 193.50457763671875]",4,0.4926932454109192
1660,"[38.190834045410156, 129.72866821289062, 72.90840148925781, 161.08502197265625]",4,0.4091474413871765
1660,"[13.897985458374023, 0.0, 67.41058349609375, 39.04575729370117]",4,0.22001570463180542
1660,"[106.16344451904297, 0.0, 160.9565887451172, 57.661102294921875]",4,0.13296441733837128
1660,"[34.422515869140625, 56.19041061401367, 82.07179260253906, 85.10043334960938]",4,0.10777100175619125
1652,"[129.79443359375, 70.6946029663086, 196.51596069335938, 190.39169311523438]",4,0.5609847903251648
1652,"[0.0, 1.5606002807617188, 39.91603088378906, 52.73221206665039]",4,0.5564398169517517
1652,"[119.63983917236328, 7.316915512084961, 161.6943817138672, 61.414306640625]",4,0.5346089601516724
1652,"[6.221641540527344, 131.5264434814453, 50.40230941772461, 170.4763946533203]",4,0.27955833077430725
1766,"[81.33658599853516, 12.598403930664062, 113.31304168701172, 200.0]",3,0.3197225034236908
1770,"[121.60202026367188, 15.865829467773438, 134.76956176757812, 165.993408203125]",3,0.4492073059082031
1770,"[45.00994873046875, 0.0, 72.1894760131836, 200.0]",3,0.376531720161438
1770,"[107.96932983398438, 1.4994125366210938, 135.2952880859375, 176.23956298828125]",3,0.21976785361766815
1770,"[52.4300651550293, 10.089614868164062, 67.38060760498047, 172.68182373046875]",3,0.11574604362249374
1646,"[8.594314575195312, 0.0, 169.26547241210938, 200.0]",2,0.4286802113056183
1646,"[79.44264221191406, 11.564811706542969, 200.0, 200.0]",2,0.3325158357620239
1455,"[90.62252807617188, 77.72731018066406, 107.57395935058594, 106.9478759765625]",1,0.1136653870344162
1455,"[107.57099151611328, 57.18578338623047, 132.2595977783203, 144.4068603515625]",1,0.11256499588489532
1455,"[58.512939453125, 64.30174255371094, 97.94540405273438, 140.32278442382812]",1,0.11092911660671234
1668,"[30.358360290527344, 0.0, 168.9453125, 168.80470275878906]",2,0.2230314314365387
1668,"[91.16767883300781, 0.0, 200.0, 200.0]",2,0.15850067138671875
1668,"[24.437009811401367, 134.33126831054688, 72.49691009521484, 194.58328247070312]",4,0.25260475277900696
1482,"[0.3397674560546875, 147.58453369140625, 157.6217041015625, 198.77078247070312]",0,0.1271640658378601
1467,"[106.17863464355469, 114.80350494384766, 135.01795959472656, 150.9968719482422]",1,0.23983046412467957
1467,"[30.802244186401367, 1.1050071716308594, 89.35260009765625, 78.37239074707031]",4,0.5243298411369324
1467,"[17.220623016357422, 106.68330383300781, 96.05902099609375, 200.0]",4,0.45144376158714294
1467,"[106.17863464355469, 114.80350494384766, 135.01795959472656, 150.9968719482422]",4,0.1840471625328064
1467,"[92.85712432861328, 154.7296905517578, 125.02684783935547, 193.5161590576172]",4,0.11783675104379654
1467,"[150.06146240234375, 99.309814453125, 170.64743041992188, 150.13038635253906]",4,0.11082567274570465
1678,"[151.84779357910156, 66.93335723876953, 167.2905731201172, 107.78820037841797]",1,0.33017218112945557
1678,"[46.014137268066406, 8.659126281738281, 110.32733917236328, 200.0]",1,0.26994645595550537
1656,"[28.54736328125, 0.0, 191.2646026611328, 200.0]",2,0.4687570631504059
1602,"[0.0, 15.9913330078125, 29.44256591796875, 183.42318725585938]",1,0.6239085793495178
1602,"[106.1219711303711, 90.84564971923828, 122.97628021240234, 125.85262298583984]",1,0.5460891127586365
1602,"[58.60472869873047, 65.0202865600586, 99.54956817626953, 179.953369140625]",1,0.30793750286102295
1602,"[104.4405517578125, 129.81150817871094, 140.2669219970703, 197.63075256347656]",1,0.23597729206085205
1602,"[19.77230453491211, 30.810890197753906, 35.55044937133789, 69.97789764404297]",1,0.14080950617790222
1602,"[127.0870590209961, 139.32669067382812, 143.92361450195312, 193.87164306640625]",1,0.13284000754356384
1687,"[71.96638488769531, 68.89024353027344, 171.3617706298828, 171.48568725585938]",4,0.5777063369750977
1687,"[48.128238677978516, 76.37596130371094, 91.32868957519531, 143.23419189453125]",4,0.16964243352413177
1687,"[0.0, 175.31869506835938, 40.236183166503906, 200.0]",4,0.11937568336725235
1532,"[12.779755592346191, 14.1982421875, 43.13118362426758, 186.1031494140625]",3,0.34643614292144775
1532,"[50.64118194580078, 119.17920684814453, 109.00054168701172, 148.30038452148438]",3,0.18586844205856323
1532,"[136.4908447265625, 13.343696594238281, 170.45220947265625, 200.0]",3,0.12355846911668777
1532,"[182.23081970214844, 19.078353881835938, 195.7198944091797, 200.0]",3,0.11118347197771072
1532,"[50.64118194580078, 119.17920684814453, 109.00054168701172, 148.30038452148438]",4,0.3548244535923004
1661,"[26.952911376953125, 28.810665130615234, 153.72772216796875, 151.37466430664062]",5,0.10414162278175354
1613,"[32.80279541015625, 6.713752746582031, 86.744873046875, 42.19952392578125]",5,0.11566992849111557
1443,"[93.97567749023438, 9.703315734863281, 122.00498962402344, 200.0]",3,0.49828997254371643
1443,"[74.60929870605469, 16.175460815429688, 87.48405456542969, 196.95211791992188]",3,0.30783820152282715
1537,"[86.09523010253906, 94.54196166992188, 114.43778991699219, 171.28152465820312]",1,0.6122949123382568
1537,"[59.30986404418945, 88.40461730957031, 75.46435546875, 127.05207824707031]",1,0.4772360026836395
1537,"[44.7514533996582, 23.197187423706055, 59.481632232666016, 57.40601348876953]",1,0.36536458134651184
1537,"[161.89581298828125, 29.959257125854492, 178.897705078125, 81.22554016113281]",1,0.26363515853881836
1537,"[149.49290466308594, 98.24735260009766, 176.91844177246094, 167.15814208984375]",1,0.25722596049308777
1537,"[91.78163146972656, 180.6944580078125, 102.45268249511719, 200.0]",1,0.16671526432037354
1537,"[41.201385498046875, 130.6060028076172, 56.711891174316406, 169.6699676513672]",1,0.10485204309225082
1519,"[37.00835418701172, 8.923164367675781, 200.0, 191.13107299804688]",2,0.28539493680000305
1519,"[0.0, 153.2383270263672, 37.122474670410156, 195.62757873535156]",4,0.49448689818382263
1519,"[0.0, 68.0670166015625, 17.592105865478516, 106.93974304199219]",4,0.10386716574430466
1663,"[0.0, 8.6761474609375, 137.40538024902344, 200.0]",2,0.4582045078277588
1663,"[54.90679168701172, 7.080543518066406, 185.5631103515625, 200.0]",2,0.2239074409008026
1589,"[14.620185852050781, 37.049415588378906, 163.76858520507812, 200.0]",2,0.48592036962509155
1589,"[74.51349639892578, 7.3586273193359375, 200.0, 200.0]",2,0.18895140290260315
1654,"[75.22541809082031, 55.666343688964844, 125.98794555664062, 188.90927124023438]",1,0.43917739391326904
1554,"[100.73442840576172, 157.79835510253906, 138.97190856933594, 196.1825714111328]",4,0.755553662776947
1554,"[46.97927474975586, 73.02593994140625, 94.29052734375, 149.15875244140625]",4,0.39329957962036133
1554,"[85.17669677734375, 41.465267181396484, 132.5266876220703, 136.29298400878906]",4,0.2740389108657837
1554,"[87.06053161621094, 0.0, 118.25154113769531, 47.78662872314453]",4,0.16441509127616882
1535,"[0.0, 24.789825439453125, 150.22903442382812, 200.0]",2,0.46233752369880676
1535,"[76.90060424804688, 39.288047790527344, 200.0, 200.0]",2,0.13447411358356476
1403,"[51.23704528808594, 11.782867431640625, 93.90596008300781, 200.0]",3,0.5915571451187134
1712,"[42.518585205078125, 49.18916320800781, 139.90444946289062, 191.65304565429688]",4,0.7440981864929199
1712,"[149.6453399658203, 146.81671142578125, 196.80323791503906, 200.0]",4,0.5095311999320984
1764,"[121.03028869628906, 0.0, 167.48268127441406, 35.64580154418945]",5,0.17736008763313293
1764,"[107.67739868164062, 87.07318878173828, 178.62387084960938, 134.02273559570312]",5,0.1545770913362503
1457,"[46.6479377746582, 0.0, 113.46412658691406, 200.0]",4,0.5625328421592712
1457,"[158.72193908691406, 57.98088836669922, 196.4513397216797, 98.33110809326172]",4,0.2428620159626007
1457,"[156.32632446289062, 3.02276611328125, 195.63296508789062, 48.00950241088867]",4,0.23619046807289124
1457,"[1.0962162017822266, 147.87286376953125, 49.563209533691406, 200.0]",4,0.19567200541496277
1693,"[55.185707092285156, 9.195716857910156, 188.0992431640625, 187.25173950195312]",2,0.2256162166595459
1693,"[34.67633819580078, 33.52849197387695, 67.15409851074219, 102.90171813964844]",4,0.4480167329311371
1693,"[134.54295349121094, 135.09800720214844, 172.0399932861328, 166.89036560058594]",4,0.26064711809158325
1478,"[37.81687927246094, 63.68754577636719, 52.80029296875, 98.7529296875]",1,0.3593333661556244
1478,"[118.32428741455078, 48.43016052246094, 163.01141357421875, 153.2804412841797]",1,0.34529340267181396
1478,"[160.2068634033203, 54.19261932373047, 171.38548278808594, 76.53690338134766]",1,0.14834079146385193
1715,"[14.651634216308594, 59.7043342590332, 166.80572509765625, 81.30730438232422]",3,0.4508689045906067
1715,"[101.28939056396484, 60.441978454589844, 200.0, 83.11443328857422]",3,0.2507760226726532
1715,"[10.151077270507812, 121.19142150878906, 149.097900390625, 145.26695251464844]",3,0.22063690423965454
1715,"[64.1082763671875, 122.47949981689453, 198.747802734375, 143.84091186523438]",3,0.11317505687475204
1657,"[68.01099395751953, 28.74231719970703, 83.22834014892578, 62.83763122558594]",1,0.534606397151947
1657,"[81.08489227294922, 143.14601135253906, 96.6852798461914, 180.54725646972656]",1,0.3604190945625305
1657,"[11.78530216217041, 103.53727722167969, 40.60110855102539, 180.67991638183594]",1,0.2908395230770111
1657,"[121.44625091552734, 0.0, 160.37478637695312, 200.0]",3,0.3621618449687958
1671,"[9.666313171386719, 7.1901092529296875, 147.681640625, 200.0]",2,0.47812649607658386
1671,"[63.907737731933594, 0.0, 197.69534301757812, 200.0]",2,0.1931580752134323
1671,"[0.0, 140.04249572753906, 36.436614990234375, 200.0]",4,0.5744951963424683
1671,"[128.5655517578125, 169.43885803222656, 174.11154174804688, 198.07362365722656]",4,0.27801796793937683
1603,"[70.75377655029297, 13.858848571777344, 200.0, 200.0]",2,0.5218306183815002
1603,"[15.721923828125, 0.0, 163.72109985351562, 185.0272216796875]",2,0.1284174770116806
1603,"[0.0, 24.709129333496094, 102.29640197753906, 200.0]",2,0.1026005893945694
1603,"[0.5426464080810547, 0.0, 39.91290283203125, 29.848445892333984]",4,0.3131329119205475
1603,"[0.0, 106.50283813476562, 57.53082275390625, 200.0]",4,0.2574504613876343
1699,"[42.21367645263672, 112.4145736694336, 90.7497787475586, 147.74240112304688]",5,0.15628325939178467
1699,"[38.64106750488281, 0.0, 99.79692077636719, 25.602664947509766]",5,0.10564298927783966
1557,"[128.67300415039062, 128.63015747070312, 197.9049072265625, 199.82351684570312]",5,0.15157879889011383
1450,"[140.57290649414062, 0.0, 167.06231689453125, 200.0]",3,0.30180156230926514
1450,"[65.54077911376953, 20.328460693359375, 78.92693328857422, 192.77334594726562]",3,0.1900666356086731
1450,"[56.238258361816406, 0.0, 84.95276641845703, 200.0]",3,0.16179953515529633
1548,"[28.720375061035156, 24.324264526367188, 192.28240966796875, 194.21353149414062]",2,0.548764169216156
1548,"[0.0, 24.632850646972656, 109.56267547607422, 195.42300415039062]",2,0.15180960297584534
